{\rtf1\ansi\ansicpg936\cocoartf2639
\cocoatextscaling0\cocoaplatform0{\fonttbl\f0\fswiss\fcharset0 Helvetica;\f1\fnil\fcharset134 PingFangSC-Regular;}
{\colortbl;\red255\green255\blue255;}
{\*\expandedcolortbl;;}
\paperw11900\paperh16840\margl1440\margr1440\vieww11520\viewh8400\viewkind0
\pard\tx566\tx1133\tx1700\tx2267\tx2834\tx3401\tx3968\tx4535\tx5102\tx5669\tx6236\tx6803\pardirnatural\partightenfactor0

\f0\fs24 \cf0 \{\
  "hero": \{\
    "title": "
\f1 \'d6\'c7\'c4\'dc\'d3\'b2\'bc\'fe
\f0 UI \'b7 HMI
\f1 \'c9\'e8\'bc\'c6\'d7\'a8\'bc\'d2
\f0 ",\
    "desc": "
\f1 \'cc\'e1\'b9\'a9\'bc\'ab\'d6\'c2\'d2\'d7\'d3\'c3\'b5\'c4
\f0 B
\f1 \'b6\'cb\'d3\'eb\'d6\'c7\'c4\'dc\'b2\'fa\'c6\'b7\'bd\'e7\'c3\'e6\'c9\'e8\'bc\'c6\'b7\'fe\'ce\'f1
\f0 "\
  \},\
  "services": [\
    \{\
      "title": "
\f1 \'d6\'c7\'c4\'dc\'d3\'b2\'bc\'fe
\f0 UI",\
      "summary": "
\f1 \'b8\'b2\'b8\'c7\'ca\'d6\'b1\'ed\'a1\'a2\'d2\'f4\'cf\'e4\'a1\'a2\'b3\'b5\'d4\'d8\'b5\'c8\'b6\'e0\'d0\'ce\'cc\'ac\'c6\'c1\'c4\'bb\'a3\'ac\'b4\'f2\'cd\'a8\'c8\'ed\'d3\'b2\'bc\'fe\'cc\'e5\'d1\'e9\'a1\'a3
\f0 "\
    \},\
    \{\
      "title": "HMI
\f1 \'bd\'bb\'bb\'a5\'c9\'e8\'bc\'c6
\f0 ",\
      "summary": "
\f1 \'b0\'b2\'c8\'ab\'a1\'a2\'b8\'df\'d0\'a7\'a1\'a2\'b5\'cd\'d1\'a7\'cf\'b0\'b3\'c9\'b1\'be\'b5\'c4\'bc\'dd\'ca\'bb\'b2\'d5\'c8\'cb\'bb\'fa\'bd\'e7\'c3\'e6\'bd\'e2\'be\'f6\'b7\'bd\'b0\'b8\'a1\'a3
\f0 "\
    \},\
    \{\
      "title": "B
\f1 \'b6\'cb\'bd\'e7\'c3\'e6\'c9\'e8\'bc\'c6
\f0 ",\
      "summary": "
\f1 \'b4\'d3\'d2\'c7\'b1\'ed\'c5\'cc\'b5\'bd\'ba\'f3\'cc\'a8
\f0  CRUD
\f1 \'a3\'ac\'d7\'a8\'d7\'a2\'b8\'b4\'d4\'d3\'d2\'b5\'ce\'f1\'bf\'c9\'ca\'d3\'bb\'af\'d3\'eb\'d0\'a7\'c2\'ca\'cc\'e1\'c9\'fd\'a1\'a3
\f0 "\
    \},\
    \{\
      "title": "
\f1 \'cd\'f8\'d5\'be
\f0 /UI
\f1 \'cc\'d7\'bc\'fe
\f0 ",\
      "summary": "
\f1 \'d3\'aa\'cf\'fa\'b9\'d9\'cd\'f8\'a1\'a2\'b2\'fa\'c6\'b7\'d6\'f7\'d2\'b3\'a1\'a2
\f0 Design System 
\f1 \'cd\'ea\'d5\'fb\'bd\'bb\'b8\'b6\'a1\'a3
\f0 "\
    \}\
  ],\
  "works": [\
    \{\
      "title": "
\f1 \'d6\'c7\'c4\'dc\'b3\'b5\'d4\'d8\'d6\'d0\'bf\'d8\'b3\'a4\'cd\'bc
\f0 ",\
      "img": "assets/works/work1.jpg"\
    \},\
    \{\
      "title": "
\f1 \'b9\'a4\'d2\'b5\'ba\'f3\'cc\'a8\'bd\'e7\'c3\'e6\'b3\'a4\'cd\'bc
\f0 ",\
      "img": "assets/works/work2.jpg"\
    \}\
  ],\
  "posts": [\
    \{\
      "title": "
\f1 \'c8\'e7\'ba\'ce\'d3\'c3\'a1\'b8\'b3\'a1\'be\'b0\'bd\'c5\'b1\'be\'a1\'b9\'d6\'b8\'b5\'bc
\f0 HMI
\f1 \'c9\'e8\'bc\'c6
\f0 ",\
      "summary": "
\f1 \'bc\'dd\'ca\'bb\'b3\'a1\'be\'b0\'b8\'df\'b6\'c8\'b6\'af\'cc\'ac\'a3\'ac\'ce\'d2\'c3\'c7\'bd\'ab\'c8\'ce\'ce\'f1\'b2\'f0\'b7\'d6\'ce\'aa\'bf\'c9\'d6\'b4\'d0\'d0\'b5\'c4\'bd\'c5\'b1\'be\'c6\'ac\'b6\'ce\'a3\'ac\'d4\'d9\'d3\'b3\'c9\'e4\'b5\'bd\'d0\'c5\'cf\'a2\'bc\'dc\'b9\'b9\'a1\'a3
\f0 ",\
      "img": "assets/posts/post1.jpg"\
    \},\
    \{\
      "title": "B
\f1 \'b6\'cb\'b1\'ed\'b8\'f1\'a3\'ba\'b4\'d3\'c3\'dc\'bc\'af\'b5\'bd\'bf\'c9\'b6\'c1
\f0 ",\
      "summary": "
\f1 \'cd\'a8\'b9\'fd\'d7\'d6\'b6\'ce\'b7\'d6\'bc\'b6\'a1\'a2\'d5\'db\'b5\'fe\'d3\'eb\'d4\'a4\'c0\'c0\'c8\'fd\'b2\'bd\'a3\'ac\'b0\'d1
\f0  30+ 
\f1 \'c1\'d0\'ca\'fd\'be\'dd\'d1\'b9\'cb\'f5\'bd\'f8
\f0  1920 
\f1 \'d2\'d4\'c4\'da\'a1\'a3
\f0 ",\
      "img": "assets/posts/post2.jpg"\
    \}\
  ]\
\}}